<?xml version="1.0" encoding="UTF-8" standalone="yes"?>
<Document><EDT Version="EDT 2016 - 0.0.1" Copyright="INDEX EDUCATION"/><ParametrePublication><Rapport><Integer nom="Orientation" val="1"/><Proprietes nom="Page"><Boolean nom="AvecPied" val="0"/><Proprietes nom="Entete"><Boolean nom="Date" val="0"/><Boolean nom="Logo" val="0"/><Cardinal nom="LogoIdent" val="1"/><Boolean nom="NomBase" val="0"/><Boolean nom="NomEtablissement" val="0"/><Boolean nom="NumPage" val="0"/><Boolean nom="Photo" val="0"/></Proprietes><Proprietes nom="Marges"><Double nom="Bas" val="1"/><Double nom="Droite" val="1"/><Double nom="Gauche" val="1"/><Double nom="Haut" val="1"/></Proprietes><String nom="Pied"></String></Proprietes><Proprietes nom="PolicePied"><String nom="Nom">Arial</String><Integer nom="TailleMin" val="5"/><Integer nom="TailleSouhaitee" val="8"/></Proprietes><Proprietes nom="ZoomApercu"><Integer nom="Paysage" val="100"/><Integer nom="Portrait" val="100"/></Proprietes></Rapport><Grille><Boolean nom="Alternance" val="0"/><Boolean nom="AucunePrecisionPeriode" val="0"/><Boolean nom="AutoriserRepetitionGrilles" val="0"/><Boolean nom="AutoriserSautPageAnticipe" val="-1"/><Boolean nom="AutresClassesGroupes" val="0"/><Boolean nom="AvecConseilDeClasse" val="0"/><Boolean nom="AvecCoursAnnules" val="0"/><Boolean nom="AvecCoursGAEV" val="0"/><Boolean nom="AvecCycleSurReglette" val="0"/><Boolean nom="AvecDateSurReglette" val="-1"/><Boolean nom="AvecReglette" val="0"/><Boolean nom="ClasseEleve" val="0"/><Proprietes nom="ClasseGroupePartie"><Boolean nom="Actif" val="-1"/><Set nom="Rendu">0000000000000000000000000000000000000000000000000000000000000000</Set></Proprietes><Integer nom="CouleurCoursFond" val="1"/><Integer nom="CouleurCoursTexte" val="0"/><Boolean nom="DateClotureNotation" val="0"/><Boolean nom="DatesJourParJour" val="0"/><Boolean nom="Desiderata" val="0"/><Boolean nom="Effectif" val="0"/><Proprietes nom="Eleve"><Boolean nom="Actif" val="0"/><Set nom="Rendu">0000000000000000000000000000000000000000000000000000000000000000</Set></Proprietes><Boolean nom="EstEDTParQuinzaine" val="0"/><Boolean nom="EstRenvoisParBloc" val="0"/><Set nom="FiltresCours">0600000000000000000000000000000000000000000000000000000000000000</Set><Integer nom="GestionRenvois" val="2"/><Integer nom="GrilleAImprimer" val="0"/><Integer nom="HorairesAffiches" val="0"/><Boolean nom="IgnorerGrillesVides" val="0"/><Boolean nom="ImprimerEmploisModifies" val="0"/><Proprietes nom="InfosComplementaires"><Set nom="FormatNomEqPed">0000000000000000000000000000000000000000000000000000000000000000</Set><Set nom="FormatNomProf">0000000000000000000000000000000000000000000000000000000000000000</Set><Set nom="Infos">0000000000000000000000000000000000000000000000000000000000000000</Set></Proprietes><Double nom="LargeurMaxTranche" val="0"/><Boolean nom="LegendePriorite" val="0"/><Boolean nom="LibelleCours" val="0"/><Proprietes nom="Materiel"><Boolean nom="Actif" val="0"/><Boolean nom="Infos" val="0"/><Boolean nom="Nom" val="0"/></Proprietes><Proprietes nom="Matiere"><Boolean nom="Actif" val="-1"/><Set nom="Rendu">0200000000000000000000000000000000000000000000000000000000000000</Set></Proprietes><Boolean nom="Memo" val="0"/><Integer nom="NbGrillesMaxParPage" val="1"/><Integer nom="NbTranchesParGrille" val="10"/><Integer nom="NombreGrilleX" val="1"/><Integer nom="NombreGrilleY" val="1"/><Boolean nom="OptimiserNbGrillesParPage" val="0"/><Boolean nom="OptimiserNbLignesParPage" val="0"/><Proprietes nom="OrdreContenu"><Integer nom="Elt_0" val="0"/><Integer nom="Elt_1" val="1"/><Integer nom="Elt_10" val="10"/><Integer nom="Elt_11" val="11"/><Integer nom="Elt_12" val="12"/><Integer nom="Elt_13" val="13"/><Integer nom="Elt_14" val="14"/><Integer nom="Elt_15" val="15"/><Integer nom="Elt_16" val="16"/><Integer nom="Elt_17" val="17"/><Integer nom="Elt_18" val="18"/><Integer nom="Elt_19" val="19"/><Integer nom="Elt_2" val="2"/><Integer nom="Elt_20" val="20"/><Integer nom="Elt_21" val="21"/><Integer nom="Elt_22" val="22"/><Integer nom="Elt_23" val="23"/><Integer nom="Elt_24" val="24"/><Integer nom="Elt_3" val="3"/><Integer nom="Elt_4" val="4"/><Integer nom="Elt_5" val="5"/><Integer nom="Elt_6" val="6"/><Integer nom="Elt_7" val="7"/><Integer nom="Elt_8" val="8"/><Integer nom="Elt_9" val="9"/></Proprietes><Proprietes nom="Personnel"><Boolean nom="Actif" val="0"/><Set nom="Rendu">0000000000000000000000000000000000000000000000000000000000000000</Set></Proprietes><String nom="PiedGrilles"></String><Proprietes nom="Police"><String nom="Nom">Arial</String><Integer nom="TailleMin" val="3"/><Integer nom="TailleSouhaitee" val="8"/></Proprietes><Proprietes nom="PoliceCommentaire"><String nom="Nom">Arial</String><Integer nom="TailleMin" val="3"/><Integer nom="TailleSouhaitee" val="8"/></Proprietes><Proprietes nom="PoliceTranches"><String nom="Nom">Arial</String><Integer nom="TailleMin" val="3"/><Integer nom="TailleSouhaitee" val="8"/></Proprietes><Boolean nom="Ponderation" val="0"/><Set nom="PositionsHoraire">0100000000000000000000000000000000000000000000000000000000000000</Set><Set nom="PositionsTranche">0100000000000000000000000000000000000000000000000000000000000000</Set><Proprietes nom="President"><Boolean nom="Actif" val="0"/><Set nom="Rendu">0000000000000000000000000000000000000000000000000000000000000000</Set></Proprietes><Proprietes nom="Professeur"><Boolean nom="Actif" val="-1"/><Set nom="Rendu">0200000000000000000000000000000000000000000000000000000000000000</Set></Proprietes><Boolean nom="Quinzaine" val="-1"/><Proprietes nom="Remplacant"><Boolean nom="Actif" val="-1"/><Set nom="Rendu">0200000000000000000000000000000000000000000000000000000000000000</Set></Proprietes><Proprietes nom="RenduGrille"><Integer nom="CouleurCoursUni" val="45088767"/><Boolean nom="DemiPension" val="-1"/><Set nom="Disponibilites">0000000000000000000000000000000000000000000000000000000000000000</Set><Boolean nom="EncadrerHoraires" val="0"/><Boolean nom="EncadrerTranches" val="0"/><Boolean nom="HorairesEnLignes" val="-1"/><Integer nom="iHeureDebut" val="0"/><Integer nom="iHeureFin" val="19"/><Proprietes nom="JoursUtiles"><Integer nom="iJour0" val="0"/><Integer nom="iJour1" val="1"/><Integer nom="iJour2" val="2"/><Integer nom="iJour3" val="3"/><Integer nom="iJour4" val="4"/></Proprietes><Boolean nom="QuadrillerFond" val="0"/><Boolean nom="Recreation" val="0"/><Boolean nom="SeulementHorairesUtiles" val="0"/><Boolean nom="SeulementTranchesUtiles" val="0"/><Integer nom="TexteCouleurCoursUni" val="0"/></Proprietes><Proprietes nom="RenduTitre"><Proprietes nom="Police"><String nom="Nom">Arial</String><Integer nom="TailleMin" val="5"/><Integer nom="TailleSouhaitee" val="12"/></Proprietes></Proprietes><Proprietes nom="Responsable"><Boolean nom="Actif" val="0"/><Set nom="Rendu">0000000000000000000000000000000000000000000000000000000000000000</Set></Proprietes><Proprietes nom="Salle"><Boolean nom="Actif" val="-1"/></Proprietes><Boolean nom="SaufRecouvrement" val="0"/><Boolean nom="SaufRecouvrementPartiel" val="0"/><Proprietes nom="Site"><Boolean nom="Actif" val="0"/><Boolean nom="Tous" val="-1"/></Proprietes><Set nom="SubstitutionFichiers">0000000000000000000000000000000000000000000000000000000000000000</Set><String nom="TexteTitre">&lt;&lt;Nom&gt;&gt; - &lt;&lt;Période&gt;&gt;</String></Grille><Image><Integer nom="FormatDocument" val="3"/><Integer nom="TailleDocumentPersonnaliseX" val="1024"/><Integer nom="TailleDocumentPersonnaliseY" val="768"/><Boolean nom="UnDocumentParRessource" val="0"/><Integer nom="UniteDocumentPersonnalise" val="1"/></Image></ParametrePublication><ListeFichierPNG><FichierPng nom="edc0000029p00001s3fffffffffffffff_2nde_metiers_de_la_securite_ac"/></ListeFichierPNG></Document>
